{"loss": [2.9301371574401855, 1.5328843593597412, 1.159358263015747, 0.9499958753585815, 0.8298259377479553, 0.7293485999107361, 0.656818151473999, 0.6027904748916626, 0.5500989556312561, 0.5145049691200256, 0.4845585823059082, 0.46925199031829834, 0.4385473430156708, 0.41999948024749756, 0.3902747631072998, 0.382939875125885, 0.36883193254470825, 0.35987749695777893, 0.3425479233264923, 0.3441281318664551, 0.33748018741607666, 0.3164852559566498, 0.3181748390197754, 0.2995453178882599, 0.2983179986476898], "accuracy": [0.2820095717906952, 0.5538343191146851, 0.6650975942611694, 0.7276617884635925, 0.7577884197235107, 0.7965593934059143, 0.813248872756958, 0.828911304473877, 0.8442314267158508, 0.856727123260498, 0.8647723197937012, 0.867767870426178, 0.8824888467788696, 0.8855699896812439, 0.8922458291053772, 0.895241379737854, 0.897894561290741, 0.9033721089363098, 0.9080794453620911, 0.9086785316467285, 0.9102190732955933, 0.9168093204498291, 0.9168093204498291, 0.9205751419067383, 0.9214310050010681], "val_loss": [2.206256866455078, 1.5672630071640015, 1.268523931503296, 1.4019556045532227, 2.0964455604553223, 0.9415110349655151, 1.627553939819336, 1.6329514980316162, 1.020089030265808, 1.017591118812561, 0.9936249852180481, 0.8338382840156555, 0.8250970244407654, 1.1010832786560059, 1.019005298614502, 1.7476335763931274, 1.6270612478256226, 1.293014645576477, 1.685981273651123, 1.6849631071090698, 1.2770886421203613, 1.959770917892456, 0.8580384850502014, 1.0654833316802979, 1.5105037689208984], "val_accuracy": [0.3887024521827698, 0.5643176436424255, 0.6373042464256287, 0.5889261960983276, 0.5961968898773193, 0.7340604066848755, 0.5788590312004089, 0.6319910287857056, 0.7293064594268799, 0.7267897129058838, 0.7195190191268921, 0.7642617225646973, 0.785794198513031, 0.7399328947067261, 0.7681767344474792, 0.6647091507911682, 0.6881991028785706, 0.7474831938743591, 0.7197986841201782, 0.7318232655525208, 0.7379754185676575, 0.7281879186630249, 0.8000559210777283, 0.785794198513031, 0.7402125000953674]}